ID;molecule;alt_names_homologs;pombe;arabidopsis_gname;group;color;h3_3jcr;y3_5gan;h3_6QW6;hBpre_6QX9;hBpre_6AH0;hB_6AHD;yBs_6J6G;hpB1_7ABF;hpB2_7AAV;hpB2_7ABH;yB_5NRL;S1_B_5zwo;S2_Bact_5gm6;S3_C_5lj3;yC_5GMK;S4_Cstar_5mps;hpCs_7W5B;hpCs-I_7W59;hpCs-II_7W5A;S5_P_6exn;S6_ILS_5y88;S5_P_5ylz;pI_3JB9;S6_hP_6icz;hBa_6ff7;hC_5yzg;hX_5xjc;6bk8;5wsg;yCs_5mq0;yC_5lj5;yPre_6g90;yE_6n7r;yE_6n7p;hC_5YZG;hCs_5XJC;hCs_5MQF;hBact_5Z56;hBactLate_5Z57;hP_6QDV
1;PRP8;Q6P2Q9,PRPF8,https://www.uniprot.org/uniprot/Q6P2Q9, Spp42;Spp42;;;skyblue;A;A;5A;5A;A;A;A;A;A;;A;A;A;A;A;A;A;A;A;A;A;A;A;;;;;;;;A;;;;A;A;A;A;A;A
2;BRR2;;;;;lightsteelblue;C;B;5B;;;D;;;;;B;D;B;;;;;;;;;;;;;;;;;;B;;;;D;D;;;;
3;BUD31; BUD31, EDG2;;;;dirtyviolet;;;;;;;T;Q;Q;;;;T;L;T;L;N;N;N;L;L;L;;;;;;;;;L;;;;N;N;;;N;
4;CEF1;;;;;raspberry;;;;;;;c;;;;;;c;O;c;O;;;;O;;J;;;;;;;;;O;;;;L;L;;;;
5;CLF1;;;;;raspberry;;;;;;;d;;;;;;;S;d;S;;;;S;I;I;;;;;;;;;S;;;;J;J;;;;
6;CWC15;Cwf15, C11orf5, CWC15, C11orf5, AD-002, HSPC148;CWF15;CWC15;;orange;;;;;;;S;R;R;;;;S;P;S;P;P;P;P;P;P;P;h;P;R;P;P;H;S;P;P;;;;P;P;R;P;P;P
7;CWC16_YJU2;;;;;lightteal;;;;;;;;;;;;;;D;F;;;;;D;R;;;;;;;;;;D;;;;2;;;;;
8;CWC2_RBM22;Cwc2 and Ecm2 are fused into hRBM22, cwf5, ecm2, SPCC550.02c, RBM22, ZC3H16, 199G4;;;;ruby;;;;;;;R;;P;;;;R;M;R;M;O;O;O;M;N;N;a;;P;O;;;;M;M;;;;O;O;;;O;
9;CWC21;;;;;violetpurple;;;;;;;J;;;;;;X;R;J;R;;;;R;;R;;;;;;;;;R;;;;U;U;;;;
10;CWC22;CWC22, KIAA1604, NCM;;;;bluewhite;;;;;;;Z;;;;;;Z;H;Z;H;V;V;V;H;;S;;;;;;;;;H;;;;V;V;;;V;H
11;CWC25;;;;;deepteal;;;;;;;;;;;;;;F;G;;;;;;G;;;;;X;X;;;;F;;;;X;;;;;
12;ISY1;;;;;dirtyviolet;;;;;;;H;;;;;;;G;H;;;;;;;;;;;;;;;;G;;;;y;;;;;
13;LEA1;Q08963,U2 small nuclear ribonucleoprotein A';;;;palegreen;;;;;;;b;;;;W;o;;W;b;;;;;W;o;o;;;;;;;;;;W;;;;;;;;
14;MSL1;P40567,U2 small nuclear ribonucleoprotein B'';;;;palegreen;;;;;;;a;;;;Y;p;;Y;a;;;;;Y;p;p;;;;;;;;;Y;Y;;;;;;;;
15;PRP45;prp45, cwf13, snw1, SPCC188.11, SPCC584.08;;;NTC/NTR ;lightpink;;H;;;;;P;;;;;;P;K;P;K;;;;K;Q;Q;M;;;;;;;;K;;;;R;R;;;;
16;PRP16;DHX38;;;;smudge;;;;;;;;;;;;;;;;;;;;;;;;;;Z;-;;;;Q;;;;Z;;;;;
17;PRP17;CDC40 (PRP17, SLU4, XRS2);;;;dirtyviolet;;;;;;;;;;;;;n;;n;o;;;;o;S;T;;;;;;;;;;;;;W;W;;;;
18;PRP19;PSO4, PRPF19, NMP200, PRP19, SNEV;;;NTC/NTR ;grey70;;;;;;;;;;;;;f;;o, p, q, r;;;;;t, u, v, w;q, r, s, t;q, r, s, t;;;;;;;;;t, u, v, w;;;;q,r,s,t;q,r,s,t;;;;t, u, v, w
19;PRP46;PLRG1, Pleiotropic Regulator 1;;;NTC/NTR ;lightblue;;;;;;;O;G;G;;;;O;J;O;J;T;T;T;J;O;O;K;;;;;;;;J;;;;T;T;;;T;J
20;SLT11_ECM2;;;;;chocolate;;;;;;;Q;;;;;;Q;N;Q;N;;;;N;M;M;;;;;;;;;N;;;;;;;;;
21;SNT309;;;;;grey70;;;;;;;t;;;;;;t;;t;;;;;;G;G;;;;;;;;;s;;;;K;K;;;;
22;SNU114;cwf10, snu114, spef2, SPBC215.12;;GFA1/MEE5/CLO;;cornflowerblue;B;C;5C;5C;;C;C;;;;C;C;C;C;C;C;;;;C;C;C;B;;;;;;;;C;;;;C;C;;;;
23;SYF2;;;;;brightorange;;;;;;;I;;;;;;f;;I;y;M;M;M;;K;K;;;;;;;;;;;;;M;M;;;;y
24;SYF1; XAB2, HCNP, KIAA1177, SYF1, PP3898, Pre-mRNA-splicing factor SYF1;;;;brightorange;;;;;;;v;;;;;;v;T;v;T;I;I;I;T;H;H;;;;;;;;;T;;;;I;I;;;I;T
25;U2;;;;U2 snRNP;forest;;;;2;H;H;L;;2;2;2;H;2;Z;L;2;H;H;H;2;F;F;P;H;2;H;H;2;;2;Z;;;;H;H;2;H;H;2
26;U5;;;;;density;H;U;5;5;B;B;D;5;5;;5;B;5;U;D;5;B;B;B;5;B;B;C;B;5;B;B;5;;5;U;;;;B;B;5;B;B;5
27;U6;;;;;firebrick;N;W;6;6;F;F;E;6;6;;6;F;6;V;E;6;F;F;F;6;D;D;N;F;6;F;F;6;;6;V;;;;F;F;6;F;F;6
28;5EXON;;;;;yellow;;;;;;;;Z and resi 50-58;Z and resi 50-58;;;;;;B;E;4;4;4;;;;;;;;;;;E;E;;;;;;;;;
29;U4;;;;;brown;M;V;4;4;I;I;;;;;4;I;;;;;;;;;;;;;;;;;;;;;;;;;;;;
30;Intron;pre-mrna;;;;grey40;;;;I;G;G;B;Z and resi 59-78;Z and resi 59-78;Z;I;G;M;I;M;I;G;G;G;I;x;E;O,Q;G;Z;G;G;e,i;;I;I;;r;r;G;G;Y,Z;G;G;I
31;Exon;;;;;wheat;;;;;;G and resi \-30-\-1;;;;;;;N;E;N;E;;;;E;E;;;;;;;;;;;;;;G and resi \-30-\-1;G and resi \-30-\-1;;;;E
32;3EXON;;;;;wheat;;;;;;;;;;;;;;;;;;;;;;;;;;;;;;;;;;;;;;;;
33;U1;;;;U1 snRNP;pink;;;;1;;;;;;;;;;;;;;;;;;;;;;;;;;3;;;R;R;;;;;;
34;BP;;;;;purple;;;;;;G and resi 144;;;;;;;;;;;;;;;;;;;;;;;;;;;;;G and resi 144;;;;;
35;PRP4 ;;;;;lightorange;L;;4B;4B;;K;;;;;H;K;;;;;;;;;;;;;;;;;;;;;;;;;;;;
36;PRP31;YGR091W,P49704;;;;yelloworange;J;F;4C;4C;;L;;;;;F;L;;;;;;;;;;;;;;;;;;;;;;;;;;;;
37;PRP6;P19735;;;;palecyan;G;J;5J;5J;;N;;;;;J;N;;;;;;;;;;;;;;;;;;;;;;;;;;;;
38;PRP3;;;;;tv_yellow;K;G;4A;4A;;J;;;;;G;J;;;;;;;;;;;;;;;;;;;;;;;;;;;;
39;DIB1;;;;;brightorange;;D;;;;O;;;;;D;E;;;;;;;;;;;;;;;;;;;;;;;;;;;;
40;SNU13;P39990,13 kDa ribonucleoprotein-associated protein;;;;wheat;I;K;4D;;;M;;;;;K;M;;;;;;;;;;;;;;;;;;;;;;;;;;;;
48;SNU66;SART1, hSART-1,Q12420;;;;violetpurple;;E;S;S;;9;;;;;E;O;;;;;;;;;;;;;;;;;;;;;;;;;;;;
49;RNA (intron or U6 snRNA);;;;;grey50;;;;;;;;;;;;;;;;;;;;;x;;;;;;;;;;;;;;;;;;;
50;BUD13;;;;;grey60;;;;;;;;;;;;Y;W;;;;;;;;;;;;;;;;;;;;;;;;;;;
51;CLF2;;;;;rasberry;;;;;;;;;;;;;d;;;;;;;;;;;;;;;;;;;;;;;;;;;
52;Cus1;Q02554;;;;palegreen;;;;;;;;;;;Q;2;H;;;;;;;;;;;;;;;;;;;;;;;;;;;
53;CWC24;;;;;grey60;;;;;;;;;;;;;a;;;;;;;;;;;;;;;;;;;;;;;;;;;
54;CWC27;;;;;grey60;;;;;;;;;;;;;b;;;;;;;;;;;;;;;;;;;;;;;;;;;
55;HSH155;P49955;;;;smudge;;;;;;;;;;;O;1;G;;;;;;;;;;;;;;;;;;;;;;;;;;;
56;HSH49;Q99181;;;;sand;;;;;;;;;;;R;4;e;;;;;;;;;;;;;;;;;;;;;;;;;;;
57;PML1;;;;;grey60;;;;;;;;;;;;Z;U;;;;;;;;;;;;;;;;;;;;;;;;;;;
58;PRP11;Q07350;;;;palegreen;;;;;;;;;;;U;v;I;;;;;;;;;;;;;;;;;;;;;;;;;;;
59;PRP2;;;;;palegreen;;;;;;;;;;;;;Y;;;;;;;;;;;;;;;;;;;;;;;;;;;
60;RDS3;Q06835;;;;palegreen;;;;;;;;;;;S;5;J;;;;;;;;;;;;;;;;;;;;;;;;;;;
61;RSE1;Q04693;;;;smudge;;;;;;;;;;;P;3;F;;;;;;;;;;;;;;;;;;;;;;;;;;;
62;SNU17;;;;;grey60;;;;;;;;;;;;X;V;;;;;;;;;;;;;;;;;;;;;;;;;;;
63;YSF3;P0C074,RDS3 complex subunit 10;;;;palegreen;;;;;;;;;;;Z;6;K;;;;;;;;;;;;;;;;;;;Z;;;;;;;;
64;CWC23;;;;;grey50;;;;;;;;;;;;;;;;;;;;;T;;;6ICZ;;;;;;;;;;;;;;;;
65;SPP382;CCF8, NTR1;;;;grey50;;;;;;;;;;;;;;;;;;;;;U;;;;;;;;;;;;;;;;;;;
66;NTR2;;;;;grey50;;;;;;;;;;;;;;;;;;;;;V;;;;;;;;;;;;;;;;;;;
67;PRP43;;;;;grey50;;;;;;;;;;;;;;;;;;;;;W;;;;;;;;;;;;;;;;;;;
68;SMB1;P40018,Small nuclear ribonucleoprotein-associated protein B;;;;grey50;;b, k;;;;;;;;;b, k, s;a,P,h;;b,k;k, s;b;;;;b, k;a,h;a, h;;;;;;;;;b,k;b, s;K;K;;;;;;
69;SME1;Q12330,Small nuclear ribonucleoprotein E;;;;grey50;;e, p;;;;;i,u;;;;e, p, w;e,T,i;;e,p;i, u;e;;;;e, p;b,i;b, i;;;;;;;;;e, p;e, w;O;O;;;;;;
70;SMX3;P54999,Small nuclear ribonucleoprotein F,Sm-F,SMF;;;;grey50;;f, q;;;;;;;;;f, q, x;f,U,j;;f,q;h, w;f;;;;f, q;c,j;c, j;;;;;;;;;f, q;f, x;P;P;;;;;;
71;SMX2_SNP2;SmG,P40204,Small nuclear ribonucleoprotein G;;;;grey50;;g, r;;;;;;;;;g, r, y;g,V,k;;g,r;j, x;g;;;;g, r;d,k;d, k;;;;;;;;;g, r;g, y;Q;Q;;;;;;
72;SMD3;P43321,mall nuclear ribonucleoprotein Sm D3;;;;grey50;R, r;d, n;;;;;;;;;d, n, v;d,S,l;;d,n;l, y;d;;;;d, n;e,l;e, l;;;;;;;;;d, n;d, v;N;N;;;;;;
73;SMD1;Sm-D1,D1,Q02260;;;;grey50;P,p;h, l;;;;;;;;;h, l, t;b,Q,m;;h,l;m, z;h;;;;h, l;f,m;f, m;;;;;;;;;h, l;h, t;L;L;;;;;;
74;SMD2;Q06217,Small nuclear ribonucleoprotein Sm D2,Sm-D2;;;;grey50;Q,q;j, m;;;;;;;;;i, m, u;c,R,n;;j,m;e, g;j;;;;j, m;g,n;g, n;;;;;;;;;j, m;i, u;M;M;;;;;;
75;PRP22;;;;;grey50;;;;;;;;;;;;;;;;;;;;V;;W;;;;;;;;;;;;;;Y;;;;
76;PRP18;;;;;grey50;;;;;;;;;;;;;;;;a;;;;a;;U;;;;;;;;;;;;;;;;;;
77;SLU7;;;;;grey50;;;;;;;;;;;;;;;;c;1;1;1;c;;V;;;;;;;;;;;;;;Z;;;;c
78;SMF;;;;;grey50;;;;;;;;;;;;;;;;;;;;;;;;;;;;;;;;;;;;;;;;
79;SMG;;;;;grey50;;;;;;;;;;;;;;;;;;;;;;;;;;;;;;;;;;;;;;;;
80;PRP9;P19736;;;;grey50;;;;;;;;;;;T;u;;;;;;;;;;;;;;;;;;;;;;;;;;;;
81;PRP21;P32524 ;;;;grey50;;;;;;;;;;;V;w;;;;;;;;;;;;;;;;;;;;;;;;;;;;
82;SNU23;Q12368,23 kDa U4/U6.U5 small nuclear ribonucleoprotein component;;;;grey50;;;;;;;;;;;L;W;;;;;;;;;;;;;;;;;;;;;;;;;;;;
83;PRP38;Pre-mRNA-splicing factor 38,Q00723;;;;grey50;;;;;;;;;;;M;0;;;;;;;;;;;;;;;;;;;;;;;;;;;;
84;SPP381;P38282;;;;grey50;;;;;;;;;;;N;9;;;;;;;;;;;;;;;;;;;;;;;;;;;;
85;unassigned;;;;;grey50;;X;;;;;;;;;X;;;;;;;;;X;;;;;;;;;;;x;X;;;;;;;;
88;PRKRIP1;;;;;grey50;;;;;;;;;;;;;;;;;2;2;2;;;;;;;;X;;;;;;;;;;;;;D
89;MUD1;;;;;grey51;;;;;;;;;;;;;;;;;;;;;;;;;;;;;;;;A;C;C;;X;;;;
90;SNP1;;;;;orange;;;;;;;;;;;;;;;;;;;;;;;;;;;;;;;;B;A;A;;;;;;
91;YHC1;;;;;grey53;;;;;;;;;;;;;;;;;;;;;;;;;;;;;;;;C;B;B;;;;;;
92;PRP39;;;;;grey54;;;;;;;;;;;;;;;;;;;;;;;;;;;;;;;;D;E;E;;;;;;
93;PRP42 (MUD16, SNU65);;;;;grey55;;;;;;;;;;;;;;;;;;;;;;;;;;;;;;;;E;D;D;;;;;;
94;NAM8 (MRE2);;;;;grey56;;;;;;;;;;;;;;;;;;;;;;;;;;;;;;;;F;F;F;;;;;;
95;SNU56 (MUD10);;;;;grey57;;;;;;;;;;;;;;;;;;;;;;;;;;;;;;;;G;G;G;;;;;;
96;LUC7 (EPE1, EXM2);;;;;grey58;;;;;;;;;;;;;;;;;;;;;;;;;;;;;;;;H;I;I;;;;;;
97;SNU71;;;;;grey59;;;;;;;;;;;;;;;;;;;;;;;;;;;;;;;;J;H;H;;;;;;
98;HSH155;;;;;grey60;;;;;;;;;;;;;;;;;;;;;;;;;;;;;;;;O;;;;;;;;
99;RSE1 (SAP130);;;;;grey61;;;;;;;;;;;;;;;;;;;;;;;;;;;;;;;;P;;;;;;;;
100;CUS1;;;;;grey62;;;;;;;;;;;;;;;;;;;;;;;;;;;;;;;;Q;;;;;;;;
101;HSH49;;;;;grey63;;;;;;;;;;;;;;;;;;;;;;;;;;;;;;;;R;;;;;;;;
102;RDS3;;;;;grey64;;;;;;;;;;;;;;;;;;;;;;;;;;;;;;;;S;;;;;;;;
103;PRP9;;;;;grey65;;;;;;;;;;;;;;;;;;;;;;;;;;;;;;;;T;;;;;;;;
104;PRP11 (PRP10, RNA11);;;;;grey66;;;;;;;;;;;;;;;;;;;;;;;;;;;;;;;;U;;;;;;;;
105;PRP21 (SPP91);;;;;grey67;;;;;;;;;;;;;;;;;;;;;;;;;;;;;;;;V;;;;;;;;
106;U1;;;;;green;;;;;;;;;;;;;;;;;;;;;;;;;;;;;;;;;R;R;;;;;;
107;PRP40;;;;;grey69;;;;;;;;;;;;;;;;;;;;;;;;;;;;;;;;;;J;;;;;;
108;STO1;CBC1, CBP80, GCR3, SUT1;;;;grey70;;;;;;;;;;;;;;;;;;;;;;;;;;;;;;;;;;X;;;;;;
109;CBC2;CBP20, MUD13, SAE1;;;;grey71;;;;;;;;;;;;;;;;;;;;;;;;;;;;;;;;;;Y;;;;;;
110;U5-40K;;;;;lightsteelblue;D;;5O;5O;;E;;;;;;;;;;;;;;;;;;;;;;;;;;;;;E;E;;;;
111;DIM1;Thioredoxin-like protein 4A, DIM1, TXNL4;;;;orange;E;;5D;5D;;;;;;;;;;;;;;;;;;;;;;;;;;;;;;;;;;;;
112;PRP28;DDX23;;;;raspberry;F;;5X;5X;X;;;;;;;;;;;;;;;;;;;;;;;;;;;;;;;;;;;
113;SmE;;;;;grey60;S, s;;;;;;;;;;;;;;;;;;;;;;;;;;;;;;;;;;;;;;;
114;SmF;;;;;grey60;T, t;;;;;;;;;;;;;;;;;;;;;;;;;;;;;;;;;;;;;;;
115;SmG;;;;;grey60;U, u;;;;;;;;;;;;;;;;;;;;;;;;;;;;;;;;;;;;;;;
116;SAD1;;;;;lightorange;V;;U;U;;;;;;;;;;;;;;;;;;;;;;;;;;;;;;;;;;;;
117;SmB;;;;;grey60;O, o;;;;;;;;;;;;;;;;;;;;;;;;;;;;;;;;;;;;;;;
118;RBM42;in human #TODO;;;;lemonchiffon;;;R;R;;;;;;;;;;;;;;;;;;;;;;;;;;;;;;;;;;;;
119;SNRNP27_27K;;;;;violetBlue;;;X;X;;;;;;;;;;;;;;;;;;;;;;;;;;;;;;;;;;;;
120;U5_Sm_ring;;;;;bluewhite;;;51, 52, 53,  5b, 5e, 5f, 5g;51, 52, 53,  5b, 5e, 5f, 5g;;a,b,c,d,e,f,g;;;;;;;;;;;;;;;;;;;;;;;;;;;;;a,b,c,d,f,e,g;a,b,c,d,f,e,g;;;;
121;U4_Sm_ring;;;;;wheat;;;41,  42, 43, 4b, 4e, 4f, 4g;41,  42, 43, 4b, 4e, 4f, 4g;;U,V,P,Q,R,S,T;;;;;;;;;;;;;;;;;;;;;;;;;;;;;;;;;;
122;LSM2-8;U6 snRNA-associated Sm-like protein LSm2;;;;salmon;2,3,4,5,7,6, 8;2,3,4,5,7,6, 8;62, 63, 64, 65, 66, 67,68;62, 63, 64, 65, 66, 67, 68;;q,r,s,t,x,y,z;;;;;3,7,8,a,j,o,z;q,r,s,t,x,y,z;;;;;;;;;;;;;;;;;;;;;;;;;;;;
123;U1_Sm_ring;;;;U1 snRNP;lavenderblush;;;;11, 12,13,1b,1e,1f,1g;;;;;;;;;;;;;;;;;;;;;;;;;;;;;;;;;;;;
124;U1A;;;;U1 snRNP;lavenderblush;;;;1A;;;;;;;;;;;;;;;;;;;;;;;;;;;;;;;;;;;;
125;U170k;;;;U1 snRNP;thistle;;;;1K;;;;;;;;;;;;;;;;;;;;;;;;;;;;;;;;;;;;
126;U1C;;;;U1 snRNP;warmpink;;;;1C;;;;;;;;;;;;;;;;;;;;;;;;;;;;;;;;;;;;
127;SF3B1;SF3B1, SAP155;;;U2 snRNP;lightgreen;;;;B1;;1;;;;u;;;;;;;;;;;;;;;;;;;;;;;;;;;;;1;
128;SF3B3;SF3B3, KIAA0017, SAP130;;;U2 snRNP;forest;;;;B3;;3;;;;E;;;;;;;;;;;;;;;;;;;;;;;;;;;;;3;
129;SF3B2;SF3B2, SAP145;;;U2 snRNP;darkgreen;;;;B2;;2;;;;T;;;;;;;;;;;;;;;;;;;;;;;;;;;;;2;
130;SF3B4;SF3B4, SAP49;;;U2 snRNP;limon;;;;B4;;4;;;;w;;;;;;;;;;;;;;;;;;;;;;;;;;;;;4;
131;PHF5A;;;;U2 snRNP;limegreen;;;;BP;;6;;;;y;;;;;;;;;;;;;;;;;;;;;;;;;;;;;6;
132;SF3A3;SF3A3, SAP61;;;U2 snRNP;lightteal;;;;A3;;w;;;;4;;;;;;;;;;;;;;;;;;;;;;;;;;;;;w;
133;SF3A2;SF3A2, SAP62;;;U2 snRNP;bluewhite;;;;A2;;v;;;;F;;;;;;;;;;;;;;;;;;;;;;;;;;;;;v;
134;SF3A1;;;;U2 snRNP;greencyan;;;;A1;;u;;;;;;;;;;;;;;;;;;;;;;;;;;;;;;;;;u;
135;U2A;;;;U2 snRNP;lightgreen;;;;2A;;o;;;;;;;;;;;;;;;;;;;;;;;;;;;;;o;o;;;;
136;U2B;;;;U2 snRNP;lightgreen;;;;2B;;p;;;;;;;;;;;;;;;;;;;;;;;;;;;;;p;p;;;;
137;SF3B5;SF3B5, SF3B10;;;U2 snRNP;tv_green;;;;B5;;7;;;;x;;;;;;;;;;;;;;;;;;;;;;;;;;;;;7;
138;U2_Sm_ring;;;;U2 snRNP;palegreen;;;;21, 22, 23, 2b, 2e, 2f, 2g;; i,j,k,l,m,n,h;;;;;;;;;;;;;;;;;;;;;;;;;;;;;h,i,j,k,m,l,n;h,i,j,k,m,l,n;;;;
139;Prp4Kinase;;;;;mediumpurple;;;;K;;;;;;;;;;;;;;;;;;;;;;;;;;;;;;;;;;;;
140;FBP21;;;;B proteins;raspberry;;;;;;X;;;;;;;;;;;;;;;;;;;;;;;;;;;;;;;;;;
141;PPIH;;;;B proteins;mistyrose;;;;;;W;;;;;;;;;;;;;;;;;;;;;;;;;;;;;;;;;;
142;UBL5;Ubiquitin-like protein 5;;;B proteins;orchid;;;;;;A0;;q;q;;;;;;;;;;;;;;;;;;;;;;;;;;;;;;;
143;MFAP1;Microfibrillar-associated protein 1;;;B proteins;lavenderblush;;;;;;0;;K;K;;;;;;;;;;;;;;;;;;;;;;;;;;;;;;;
144;PRPF38A;;;;B proteins;thistle;;;;;;Z;;I;I;;;;;;;;;;;;;;;;;;;;;;;;;;;;;;;
145;ZMAT2;;;;B proteins;violetpurple;;;;;;8;;N;N;;;;;;;;;;;;;;;;;;;;;;;;;;;;;;;
146;SMU1;;;;B proteins;lemonchiffon;;;;;;Y;;;;;;;;;;;;;;;;;;;;;;;;;;;;;;;;;;
147;SF3B6;SF3B6, SAP14, SF3B14, SF3B14A, CGI-110, HSPC175, HT006;;;;tv_green;;;;;;5;;;;z;;;;;;;;;;;;;;;;;;;;;;;;;;;;;5;
148;AQR ;Aquarius, AQR, KIAA0560;;EMB2765;;raspberry;;;;;;;;;;;;;;;;;Q;Q;Q;;;;;;;;;;;;;;;;Q;Q;;;Q;
148;SNRP116;EFTUD2, KIAA0031;;;;gray50;;;;;;;;r;r;;;;;;;;C;C;C;;;;;;;;;;;;;;;;;;;;C;C
149;PPIL1;PPIL1, CYPL1, CGI-124, UNQ2425/PRO4984;;;;firebrick;;;;;;;;;;;;;;;;;S;S;S;;;;;;;;;;;;;;;;S;S;;;S;i
149;SNRNP200;U5 small nuclear ribonucleoprotein 200 kDa helicase, SNRNP200, ASCC3L1, HELIC2, KIAA0788;;;;gray51;;;;;;;;;;;;;;;;;D;D;D;;;;;;;;;;;;;;;;;;;;D;B
150;PPIE;PPIE, CYP33;;;;firebrick;;;;;;;;;;;;;;;;;y;y;y;;;;;;;;;;;;;;;;1;;;;y;
150;SNRNP40;SNRNP40, PRP8BP, SFP38, WDR57, U5 small nuclear ribonucleoprotein 40 kDa protein;;PRP8B;;gray52;;;;;;;;;;;;;;;;;E;E;E;;;;;;;;;;;;;;;;;;;;E;N
151;PPWD1;;;;;firebrick;;;;;;;;;;;;;;;;;;;;;;;;;;;;;;;;;;;2;;;;;
151;SNRPD3;SNRPD3;;;;gray53;;;;;;;;;;;;;;;;;a,h;a,h;a,h;;;;;;;;;;;;;;;;;;;;a, h;
152;PPIG;;;;;firebrick;;;;;;;;;;;;;;;;;;;;;;;;;;;;;;;;;;;3;;;;;
152;SNRPB;SNRPB, COD, SNRPB1;;;;gray54;;;;;;;;;;;;;;;;;b,i;b,i;b,i;;;;;;;;;;;;;;;;;;;;b, i;b, k
153;EIF4A3;EIF4A3, DDX48, KIAA0111;;; EJC;indianred;;;;;;;;;;;;;;;;;u;u;u;;;;;;;;;;;;;;;;u;u;;;;7
153;SNRPD1;SNRPD1;;;;gray55;;;;;;;;;;;;;;;;;c,j;c,j;c,j;;;;;;;;;;;;;;;;;;;;c, j;
154;MAGOH;;;; EJC;lavenderblush;;;;;;;;;;;;;;;;;v;v;v;;;;;;;;;;;;;;;;v;v;;;;9
154;SNRPD2;SNRPD2, SNRPD1;;;;gray56;;;;;;;;;;;;;;;;;d,k;d,k;d,k;;;;;;;;;;;;;;;;;;;;"d, k	";
155;RBM8A;;;; EJC;raspberry;;;;;;;;;;;;;;;;;w;w;w;;;;;;;;;;;;;;;;w;w;;;;
155;SNRPF;SNRPF, PBSCF;;;;gray57;;;;;;;;;;;;;;;;;f,m;f,m;f,m;;;;;;;;;;;;;;;;;;;;f, m;f,q
156;CASC3;;;; EJC;white;;;;;;;;;;;;;;;;;x;x;x;;;;;;;;;;;;;;;;x;x;;;;
156;SNRPE;SNRPE;;;;gray58;;;;;;;;;;;;;;;;;e,l;e,l;e,l;;;;;;;;;;;;;;;;;;;;e, l;e,p
157;SNRPG;SNRPG, PBSCG;;;;gray59;;;;;;;;;;;;;;;;;g,n;g,n;g,n;;;;;;;;;;;;;;;;;;;;g, n;g,r
158;SNRPA1;U2 small nuclear ribonucleoprotein A';;;;gray60;;;;;;;;;;;;;;;;;o;o;o;;;;;;;;;;;;;;;;;;;;o;
159;SNRPB2;SNRPB2;;;;gray61;;;;;;;;;;;;;;;;;p;p;p;;;;;;;;;;;;;;;;;;;;p;Y
160;CRNKL1;CRNKL1, CRN, CGI-201, MSTP021;;;;gray62;;;;;;;;;;;;;;;;;J;J;J;;;;;;;;;;;;;;;;;;;;J;S
161;CDC5L;CDC5L, KIAA0432, PCDC5RP;;;;gray63;;;;;;;;;L;L;;;;;;;L;L;L;;;;;;;;;;;;;;;;;;;;L;
162;PRPF19;PRPF19, NMP200, PRP19, SNEV;;;;gray64;;;;;;;o, p, q, r;;;;;;;;;;q,r,s,t;q,r,s,t;q,r,s,t;;;;;;;;;;;;;;;;;;;;q, r, s, t;
163;BCAS2;BCAS2, DAM1;;;;gray65;;;;;;;;;;;;;;;;;K;K;K;;;;;;;;;;;;;;;;;;;;K;s
164;SKIP;SNW1, SKIIP, SKIP, SNW domain-containing protein 1;;;;gray66;;;;;;;;v;v;;;;;;;;R;R;R;;;;;;;;;;;;;;;;;;;;R;K
166;SRRM2;SRRM2, KIAA0324, SRL300, SRM300, HSPC075;;;;gray68;;;;;;;;;;;;;;;;;U;U;U;;;;;;;;;;;;;;;;;;;;U;R
167;CDC40;CDC40, EHB3, PRP17, PRPF17;;;;gray69;;;;;;;n;;8;;;;;;;;W;W;W;;;;;;;;;;;;;;;;;;;;W;
168;SNIP1;SNIP1;;;;gray70;;;;;;;;;;0;;;;;;;;;;;;;;;;;;;;;;;;;;;;;X;
169;RBMX2;RBMX2, CGI-79;;;;gray71;;;;;;;;;;1;;;;;;;;;;;;;;;;;;;;;;;;;;;;;Y;
170;BUD13;BUD13;;;;gray72;;;;;;;;;;;;;;;;;;;;;;;;;;;;;;;;;;;;;;;Z;
171;PRP2;DHX16, DBP2, DDX16, KIAA0577, PRP2;;;;gray73;;;;;;;;;;;;;;;;;;;;;;;;;;;;;;;;;;;;;;;x;
172;DHX8;DHX8, DDX8;;;;gray50;;;;;;;;;;;;;;;;;Y;Y;Y;;;;;;;;;;;;;;;;;;;;;V
173;FAM32A;FAM32A, OTAG12, CGI-144;;;;gray50;;;;;;;;;;;;;;;;;z;z;z;;;;;;;;;;;;;;;;;;;;;G
174;NKAP;;;;;gray50;;;;;;;;;;;;;;;;;3;3;3;;;;;;;;;;;;;;;;;;;;;Z
175;SDE2;C1orf55, Replication stress response regulator SDE2;;;;gray50;;;;;;;;;;;;;;;;;;;;;;;;;;;;;;;;;;;;;;;;z
176;PRP5;prp5, cwf1, pi024, SPBP22H7.07;;;;gray51;;;;;;;;;;;;;;;;;;;;;;;;;;;;;;;;;;;;;;;;
177;CWF17;cwf17, SPBC1289.11;;;;gray52;;;;;;;;;;;;;;;;;;;;;;;L;;;;;;;;;;;;;;;;;
178;CDC5;Pre-mRNA-splicing factor cdc5, cdc5, SPAC644.12;;;;gray53;;;;;;;;;;;;;;;;;;;;;;;W;;;;;;;;;;;;;;;;;
179;SRRM1;SRRM1, SRM160, Serine/arginine repetitive matrix protein 1;;;;gray54;;;;;;;;;;Y;;;;;;;;;;;;;;;;;;;;;;;;;;;;;;
180;WBP11;WW domain-binding protein 11, WBP11, NPWBP, SIPP1, SNP70;;;;gray54;;;;;;;;X;;;;;;;;;;;;;;;;;;;;;;;;;;;;;;;;
181;KIN;KIN, BTCD, KIN17;;;;gray55;;;;;;;;;;7;;;;;;;;;;;;;;;;;;;;;;;;;;;;;;
182;TCERG1;TCERG1, CA150, TAF2S, Transcription elongation regulator 1;;;;gray55;;;;;;;;A4;;;;;;;;;;;;;;;;;;;;;;;;;;;;;;;;
183;Cactin;CACTIN, C19orf29;;;;gray55;;;;;;;;;;;;;;;;;Z;Z;Z;;;;;;;;;;;;;;;;;;;;;