,id,low_energy,low_seq,low_ss,up_energy,up_seq,up_ss
82,AJ277126.1/35798-35823,-12.17,GGGUguaaGCCC,(((((..))))),-13.62,GGCGguaaCGCC,(((((..)))))
1,Y18999.2/2887-2912,-11.12,GGAUguaaGUCC,(((((..))))),-13.27,GGAGguaaCUCC,(((((..)))))
2,M68929.1/120760-120787,-11.12,GGAUguaaGUCC,(((((..))))),-13.27,GGAGguaaCUCC,(((((..)))))
18,Z00044.2/23186-23211,-11.12,GGAUguaaGUCC,(((((..))))),-12.19,GGAAguaaUUCC,(((((..)))))
41,X07106.1/2905-2930,-11.12,GGAUguaaGUCC,(((((..))))),-12.4,GGAUguaaAUCC,(((((..)))))
53,AF200692.2/21118-21143,-11.12,GGAUguaaGUCC,(((((..))))),-11.76,GGCGguaaUGCC,(((((..)))))
70,Z00028.1/5127-5152,-11.12,GAGUguaaGCUC,(((((..))))),-10.69,GACGguaaUGUC,(((((..)))))
75,Z00044.2/84149-84174,-11.12,GGAUguaaGUCC,(((((..))))),-13.27,GGAGguaaCUCC,(((((..)))))
78,X03834.1/1424-1449,-11.12,GGAUguaaGUCC,(((((..))))),-13.27,GGAGguaaCUCC,(((((..)))))
83,X04465.1/116522-116547,-11.12,GAGUguaaGCUC,(((((..))))),-10.69,GACGguaaUGUC,(((((..)))))
84,V00166.1/1835-1860,-11.12,GAGUguaaGCUC,(((((..))))),-10.69,GACGguaaUGUC,(((((..)))))
85,M15176.1/586-611,-11.12,GGAUguaaGUCC,(((((..))))),-13.27,GGAGguaaCUCC,(((((..)))))
86,Y08501.2/169481-169506,-11.12,GAGUguaaGCUC,(((((..))))),-12.4,GGAUguaaAUCC,(((((..)))))
89,X97295.1/1339-1365,-11.12,GAGUguaaGCUC,(((((..))))),-11.61,GACAguaaUGUC,(((((..)))))
90,X86563.2/124923-124949,-11.12,GAGUguaaGCUC,(((((..))))),-11.61,GACAguaaUGUC,(((((..)))))
91,L43910.1/329-355,-11.12,GAGUguaaGCUC,(((((..))))),-11.61,GACAguaaUGUC,(((((..)))))
22,AJ277126.1/8236-8261,-11.11,GUGUguaaGCAC,(((((..))))),-11.76,GGCGguaaUGCC,(((((..)))))
26,X17375.2/29370-29395,-11.11,GUGUguaaGCAC,(((((..))))),-13.62,GGCGguaaCGCC,(((((..)))))
31,AJ277126.1/6419-6444,-11.11,GUGUguaaGCAC,(((((..))))),-13.62,GGCGguaaCGCC,(((((..)))))
33,AJ277126.1/2885-2910,-11.11,GUGUguaaGCAC,(((((..))))),-13.62,GGCGguaaCGCC,(((((..)))))
34,U13767.1/4809-4834,-11.11,GUGUguaaGCAC,(((((..))))),-12.68,GGCAguaaUGCC,(((((..)))))
38,AF143423.1/831-856,-11.11,GUGUguaaGCAC,(((((..))))),-7.96,GGAUguaaUCCC,(((((..)))))
39,AF143425.1/766-791,-11.11,GUGUguaaGCAC,(((((..))))),-7.96,GGAUguaaUCCC,(((((..)))))
44,AM087200.3/1968-1993,-11.11,GUGUguaaGCAC,(((((..))))),-12.68,GGCAguaaUGCC,(((((..)))))
46,AF143421.1/874-899,-11.11,GUGUguaaGCAC,(((((..))))),-7.96,GGAUguaaUCCC,(((((..)))))
48,AF143424.1/950-975,-11.11,GUGUguaaGCAC,(((((..))))),-7.96,GGAUguaaUCCC,(((((..)))))
49,AJ316582.1/98156-98181,-11.11,GUGUguaaGCAC,(((((..))))),-13.27,GGAGguaaCUCC,(((((..)))))
57,EF165030.1/2867-2892,-11.11,GUGUguaaGCAC,(((((..))))),-13.62,GGCGguaaCGCC,(((((..)))))
58,X72287.1/723-748,-11.11,GUGUguaaGCAC,(((((..))))),-10.34,GGAUguaaUUCC,(((((..)))))
61,U77945.1/1854-1875,-11.11,GUGUguaaGCAC,(((((..))))),-12.54,GACGguaaCGUC,(((((..)))))
62,Y12731.1/1124-1149,-11.11,GUGUguaaGCAC,(((((..))))),-10.34,GGAUguaaUUCC,(((((..)))))
65,AY248839.1/1814-1839,-11.11,GUGUguaaGCAC,(((((..))))),-12.19,GGAAguaaUUCC,(((((..)))))
66,X60045.1/1006-1031,-11.11,GUGUguaaGCAC,(((((..))))),-10.34,GGAUguaaUUCC,(((((..)))))
77,AF080083.1/1557-1582,-11.11,GUGUguaaGCAC,(((((..))))),-12.4,GGAUguaaAUCC,(((((..)))))
80,M68929.1/41016-41041,-11.11,GUGUguaaGCAC,(((((..))))),-11.36,GAAUguaaAUUC,(((((..)))))
5,AF314856.1/1256-1281,-10.57,GCAUguaaGUGC,(((((..))))),-12.68,GGCAguaaUGCC,(((((..)))))
79,AB027572.1/1947-1972,-10.08,GAAUguaaGUUC,(((((..))))),-12.19,GGAAguaaUUCC,(((((..)))))
81,AJ316582.1/9920-9945,-10.08,GAAUguaaGUUC,(((((..))))),-12.19,GGAAguaaUUCC,(((((..)))))
87,AC145820.20/76123-76148,-10.08,GAAUguaaGUUC,(((((..))))),-12.19,GGAAguaaUUCC,(((((..)))))
88,Z00044.2/12711-12736,-10.08,GAAUguaaGUUC,(((((..))))),-12.19,GGAAguaaUUCC,(((((..)))))
0,AF074613.1/60576-60601,-9.97,GUAUguaaGUAC,(((((..))))),-13.58,GGCCguaaGGCC,(((((..)))))
6,M68929.1/49823-49848,-9.97,GUAUguaaGUAC,(((((..))))),-13.62,GGCGguaaCGCC,(((((..)))))
7,AF029891.1/4528-4553,-9.97,GUAUguaaGUAC,(((((..))))),-13.58,GGCCguaaGGCC,(((((..)))))
19,Z00044.2/44471-44498,-9.97,GUAUguaaGUAC,(((((..))))),-13.27,GGAGguaaCUCC,(((((..)))))
20,U41288.1/3124-3149,-9.97,GUAUguaaGUAC,(((((..))))),-11.76,GGCGguaaUGCC,(((((..)))))
23,AF065404.1/6527-6552,-9.97,GUAUguaaGUAC,(((((..))))),-11.37,GGUGguaaUACC,(((((..)))))
24,AJ277126.1/33102-33127,-9.97,GUAUguaaGUAC,(((((..))))),-12.4,GGAUguaaAUCC,(((((..)))))
25,X57546.1/2823-2848,-9.97,GUAUguaaGUAC,(((((..))))),-12.4,GGAUguaaAUCC,(((((..)))))
27,V00694.1/5210-5235,-9.97,GUAUguaaGUAC,(((((..))))),-12.4,GGAUguaaAUCC,(((((..)))))
29,X73671.1/1299-1324,-9.97,GUAUguaaGUAC,(((((..))))),-11.76,GGCGguaaUGCC,(((((..)))))
30,AF029891.1/9167-9192,-9.97,GUAUguaaGUAC,(((((..))))),-13.62,GGCGguaaCGCC,(((((..)))))
32,X04336.1/3216-3241,-9.97,GUAUguaaGUAC,(((((..))))),-12.68,GGCAguaaUGCC,(((((..)))))
35,Z00044.2/45489-45514,-9.97,GUAUguaaGUAC,(((((..))))),-13.27,GGAGguaaCUCC,(((((..)))))
36,U41288.1/27375-27400,-9.97,GUAUguaaGUAC,(((((..))))),-11.76,GGCGguaaUGCC,(((((..)))))
40,AM489440.1/2189-2210,-9.97,GUAUguaaGUAC,(((((..))))),-13.62,GGCGguaaCGCC,(((((..)))))
42,M36911.1/2451-2476,-9.97,GUAUguaaGUAC,(((((..))))),-13.62,GGCGguaaCGCC,(((((..)))))
43,Y08501.2/135705-135730,-9.97,GUAUguaaGUAC,(((((..))))),-9.82,GGAAguaaCUCC,(((((..)))))
45,M68929.1/7768-7793,-9.97,GUAUguaaGUAC,(((((..))))),-11.76,GGCGguaaUGCC,(((((..)))))
47,Z69899.1/2932-2957,-9.97,GUAUguaaGUAC,(((((..))))),-13.62,GGCGguaaCGCC,(((((..)))))
50,AB042240.3/88338-88363,-9.97,GUAUguaaGUAC,(((((..))))),-10.73,GUCGguaaCGUC,(((((..)))))
51,AJ315331.1/59-84,-9.97,GUAUguaaGUAC,(((((..))))),-13.27,GGAGguaaCUCC,(((((..)))))
52,AF235045.1/664-689,-9.97,GUAUguaaGUAC,(((((..))))),-10.73,GUCGguaaCGUC,(((((..)))))
54,X77508.1/2339-2364,-9.97,GUAUguaaGUAC,(((((..))))),-11.43,GGAGguaaUUCC,(((((..)))))
55,L36897.1/2665-2690,-9.97,GUAUguaaGUAC,(((((..))))),-12.4,GGAUguaaAUCC,(((((..)))))
56,X86563.2/93184-93209,-9.97,GUAUguaaGUAC,(((((..))))),-13.27,GGAGguaaCUCC,(((((..)))))
59,AB022308.1/6492-6516,-9.97,GUAUguaaGUAC,(((((..))))),-10.46,GGCUguaaCGCC,(((((..)))))
60,AJ277126.1/9255-9280,-9.97,GUAUguaaGUAC,(((((..))))),-12.19,GGAAguaaUUCC,(((((..)))))
63,AB281599.1/903-928,-9.97,GUAUguaaGUAC,(((((..))))),-12.19,GGAAguaaUUCC,(((((..)))))
64,Z72500.1/3167-3192,-9.97,GUAUguaaGUAC,(((((..))))),-11.43,GGAGguaaUUCC,(((((..)))))
67,X55026.1/77792-77817,-9.97,GUAUguaaGUAC,(((((..))))),-12.4,GGAUguaaAUCC,(((((..)))))
68,X03481.1/530-555,-9.97,GUAUguaaGUAC,(((((..))))),-13.27,GGAGguaaCUCC,(((((..)))))
69,FM992111.1/3636-3661,-9.97,GUAUguaaGUAC,(((((..))))),-13.62,GGCGguaaCGCC,(((((..)))))
71,X04465.1/14-39,-9.97,GUAUguaaGUAC,(((((..))))),0,GGAAguaaAUCC,
72,DQ787115.1/756-781,-9.97,GUAUguaaGUAC,(((((..))))),-13.62,GGCGguaaCGCC,(((((..)))))
73,AF243383.1/10231-10256,-9.97,GUAUguaaGUAC,(((((..))))),-10.79,GACUguaaGGUC,(((((..)))))
74,X02819.1/3332-3358,-9.97,GUAUguaaGUAC,(((((..))))),-8.95,GAAUguaaAUCC,(((((..)))))
76,X71404.1/2828-2853,-9.97,GUAUguaaGUAC,(((((..))))),-13.27,GGAGguaaCUCC,(((((..)))))
3,AJ131144.1/1759-1784,-8.77,GUAUguaaGUGC,(((((..))))),-11.76,GGCGguaaUGCC,(((((..)))))
8,AJ130746.1/1760-1786,-8.77,GUAUguaaGUGC,(((((..))))),-11.76,GGCGguaaUGCC,(((((..)))))
10,AJ131145.1/1733-1758,-8.77,GUAUguaaGUGC,(((((..))))),-11.76,GGCGguaaUGCC,(((((..)))))
12,AJ131136.1/1738-1763,-8.77,GUAUguaaGUGC,(((((..))))),-11.76,GGCGguaaUGCC,(((((..)))))
13,AJ130737.1/1767-1792,-8.77,GUAUguaaGUGC,(((((..))))),-11.76,GGCGguaaUGCC,(((((..)))))
15,AJ131147.1/1725-1750,-8.77,GUAUguaaGUGC,(((((..))))),-11.76,GGCGguaaUGCC,(((((..)))))
14,AJ316582.1/78393-78418,-8.43,GUACguaaAUAC,(((((..))))),-13.27,GGAGguaaCUCC,(((((..)))))
17,X05422.1/3494-3519,-8.43,GUACguaaAUAC,(((((..))))),-11.43,GGAGguaaUUCC,(((((..)))))
28,X07106.1/1312-1337,-8.43,GUACguaaAUAC,(((((..))))),-13.27,GGAGguaaCUCC,(((((..)))))
4,X63625.1/1821-1846,-8.37,GUUUguaaGUAC,(((((..))))),-11.76,GGCGguaaUGCC,(((((..)))))
9,X17395.1/1940-1965,-8.37,GUUUguaaGUAC,(((((..))))),-11.76,GGCGguaaUGCC,(((((..)))))
11,X62341.1/1280-1305,-8.37,GUUUguaaGUAC,(((((..))))),-11.76,GGCGguaaUGCC,(((((..)))))
16,X01088.1/1899-1924,-8.37,GUUUguaaGUAC,(((((..))))),-11.76,GGCGguaaUGCC,(((((..)))))
37,M81726.1/5197-5222,-7.51,GUAUguaaCUGC,(((((..))))),-12.4,GGAUguaaAUCC,(((((..)))))
21,V00712.1/1233-1258,-5.87,GUUUguaaGUCC,(((((..))))),-11.76,GGCGguaaUGCC,(((((..)))))