,triple,N,i1,i2,seq
0,tHW_tSW_ACU,2,tHW,tSW,ACU
1,cWW_cHS_UUU,1,cWW,cHS,UUU
2,cHW_cHW_UUU,3,cHW,cHW,UUU
3,cWW_cHS_UUG,6,cWW,cHS,UUG
4,cWW_cSS_UUG,3,cWW,cSS,UUG
5,cWW_cSH_UUC,1,cWW,cSH,UUC
6,tHW_cSH_UUC,1,tHW,cSH,UUC
7,cWW_cSS_UUA,2,cWW,cSS,UUA
8,cWW_tsS_UUA,1,cWW,tsS,UUA
9,cWW_tHW_UGU,1,cWW,tHW,UGU
10,cWW_tSH_UGU,1,cWW,tSH,UGU
11,cWW_cSS_UGU,4,cWW,cSS,UGU
12,cWW_tHW_UGG,3,cWW,tHW,UGG
13,cWW_cHS_UGG,3,cWW,cHS,UGG
14,cWW_cSS_UGG,2,cWW,cSS,UGG
15,cWW_tsS_UGG,1,cWW,tsS,UGG
16,cWW_cHH_UGC,1,cWW,cHH,UGC
17,cWW_tSW_UGC,1,cWW,tSW,UGC
18,cWW_cSS_UGC,1,cWW,cSS,UGC
19,cWW_tHW_UGA,2,cWW,tHW,UGA
20,cWW_tSW_UGA,4,cWW,tSW,UGA
21,cWW_tSH_UGA,2,cWW,tSH,UGA
22,cWW_cSS_UGA,4,cWW,cSS,UGA
23,cWW_tsS_UGA,1,cWW,tsS,UGA
24,cSW_cHS_UGA,1,cSW,cHS,UGA
25,cSW_tSH_UGA,2,cSW,tSH,UGA
26,cWH_tSS_UGA,3,cWH,tSS,UGA
27,cWW_cHS_UCU,1,cWW,cHS,UCU
28,cWW_tHS_UCC,1,cWW,tHS,UCC
29,cSH_cSS_UCA,2,cSH,cSS,UCA
30,cWW_cHW_UAU,16,cWW,cHW,UAU
31,cWW_tHW_UAU,10,cWW,tHW,UAU
32,cWW_cHS_UAU,1,cWW,cHS,UAU
33,cWW_tHS_UAU,2,cWW,tHS,UAU
34,cWW_cSW_UAU,4,cWW,cSW,UAU
35,cWW_tSW_UAU,3,cWW,tSW,UAU
36,cWW_cSS_UAU,2,cWW,cSS,UAU
37,cWW_cSS_UAU,4,cWW,cSS,UAU
38,tWW_tHS_UAU,1,tWW,tHS,UAU
39,tWW_cSS_UAU,1,tWW,cSS,UAU
40,tWH_cSS_UAU,1,tWH,cSS,UAU
41,tWH_tSS_UAU,2,tWH,tSS,UAU
42,cWW_tHS_UAG,3,cWW,tHS,UAG
43,cWW_cSH_UAG,1,cWW,cSH,UAG
44,cWW_cSS_UAG,1,cWW,cSS,UAG
45,tWW_tHS_UAG,3,tWW,tHS,UAG
46,cSW_cSS_UAG,1,cSW,cSS,UAG
47,cWH_cSS_UAG,1,cWH,cSS,UAG
48,cWH_tSS_UAG,4,cWH,tSS,UAG
49,tWH_cSS_UAG,23,tWH,cSS,UAG
50,tWH_tSS_UAG,5,tWH,tSS,UAG
51,tSH_tSS_UAG,15,tSH,tSS,UAG
52,cWW_tHW_UAC,19,cWW,tHW,UAC
53,cWW_cSW_UAC,7,cWW,cSW,UAC
54,cWW_cSS_UAC,1,cWW,cSS,UAC
55,cSW_tHW_UAC,1,cSW,tHW,UAC
56,cSW_cSS_UAC,2,cSW,cSS,UAC
57,cWH_cSS_UAC,1,cWH,cSS,UAC
58,cWH_tSS_UAC,1,cWH,tSS,UAC
59,tWH_cSH_UAC,1,tWH,cSH,UAC
60,tWH_cSS_UAC,12,tWH,cSS,UAC
61,tWH_tSS_UAC,4,tWH,tSS,UAC
62,tHH_cSS_UAC,1,tHH,cSS,UAC
63,tSH_cSW_UAC,1,tSH,cSW,UAC
64,tSH_cSS_UAC,8,tSH,cSS,UAC
65,cWW_tHW_UAA,5,cWW,tHW,UAA
66,cWW_tHH_UAA,17,cWW,tHH,UAA
67,cWW_cHS_UAA,9,cWW,cHS,UAA
68,cWW_cSW_UAA,7,cWW,cSW,UAA
69,cWW_cSH_UAA,1,cWW,cSH,UAA
70,cWW_tSH_UAA,1,cWW,tSH,UAA
71,cWW_cSS_UAA,21,cWW,cSS,UAA
72,cWW_tSS_UAA,1,cWW,tSS,UAA
73,cWH_cSS_UAA,1,cWH,cSS,UAA
74,cWH_tSS_UAA,3,cWH,tSS,UAA
75,tWH_cSW_UAA,2,tWH,cSW,UAA
76,tWH_cSS_UAA,1,tWH,cSS,UAA
77,tWH_tSS_UAA,1,tWH,tSS,UAA
78,cSW_tHW_GUU,2,cSW,tHW,GUU
79,tSW_tHS_GUG,1,tSW,tHS,GUG
80,tSW_cSS_GUC,1,tSW,cSS,GUC
81,cWW_tHS_GUA,4,cWW,tHS,GUA
82,cWW_cSS_GUA,4,cWW,cSS,GUA
83,tWW_tHS_GUA,1,tWW,tHS,GUA
84,cSH_cSS_GUA,3,cSH,cSS,GUA
85,tHW_cSS_GGU,1,tHW,cSS,GGU
86,cHW_cHW_GGG,19,cHW,cHW,GGG
87,tHW_tHS_GGG,2,tHW,tHS,GGG
88,tHH_tSS_GGG,1,tHH,tSS,GGG
89,tHW_tSH_GGA,2,tHW,tSH,GGA
90,cSW_tSH_GGA,1,cSW,tSH,GGA
91,cWH_tSW_GGA,2,cWH,tSW,GGA
92,cWH_tSS_GGA,2,cWH,tSS,GGA
93,tWH_tSW_GGA,1,tWH,tSW,GGA
94,cWW_tHH_GCU,3,cWW,tHH,GCU
95,cWW_cHS_GCU,14,cWW,cHS,GCU
96,cWW_cSW_GCU,2,cWW,cSW,GCU
97,cWW_cSH_GCU,1,cWW,cSH,GCU
98,cWW_cSS_GCU,5,cWW,cSS,GCU
99,cWW_tHH_GCG,7,cWW,tHH,GCG
100,cWW_cHS_GCG,1,cWW,cHS,GCG
101,cWW_tSW_GCG,3,cWW,tSW,GCG
102,cWW_cSS_GCG,20,cWW,cSS,GCG
103,cWW_tsS_GCG,1,cWW,tsS,GCG
104,tWW_cSS_GCG,1,tWW,cSS,GCG
105,cWW_cHW_GCC,5,cWW,cHW,GCC
106,cWW_tHW_GCC,2,cWW,tHW,GCC
107,cWW_cHS_GCC,9,cWW,cHS,GCC
108,cWW_tHS_GCC,1,cWW,tHS,GCC
109,cWW_cSW_GCC,5,cWW,cSW,GCC
110,cWW_tSW_GCC,1,cWW,tSW,GCC
111,cWW_cSH_GCC,1,cWW,cSH,GCC
112,tSW_tHW_GCC,1,tSW,tHW,GCC
113,cWW_tHH_GCA,1,cWW,tHH,GCA
114,cWW_cHS_GCA,9,cWW,cHS,GCA
115,cWW_cSW_GCA,49,cWW,cSW,GCA
116,cWW_tSH_GCA,1,cWW,tSH,GCA
117,cWW_cSS_GCA,345,cWW,cSS,GCA
118,cWW_tSS_GCA,1,cWW,tSS,GCA
119,tWW_tHH_GCA,2,tWW,tHH,GCA
120,cHW_cHS_GCA,3,cHW,cHS,GCA
121,tHH_tSS_GCA,4,tHH,tSS,GCA
122,cWW_cHW_GAU,1,cWW,cHW,GAU
123,tHW_cSS_GAU,4,tHW,cSS,GAU
124,tSW_tHW_GAU,7,tSW,tHW,GAU
125,tSW_tHS_GAU,1,tSW,tHS,GAU
126,tSW_tSW_GAU,4,tSW,tSW,GAU
127,tSH_cSW_GAU,2,tSH,cSW,GAU
128,tSH_cSS_GAU,7,tSH,cSS,GAU
129,tSH_tSS_GAU,2,tSH,tSS,GAU
130,cWH_tSS_GAG,1,cWH,tSS,GAG
131,tSH_cSS_GAG,25,tSH,cSS,GAG
132,tSH_tSS_GAG,73,tSH,tSS,GAG
133,cWW_cSS_GAC,4,cWW,cSS,GAC
134,tSW_cSH_GAC,3,tSW,cSH,GAC
135,tSH_cSS_GAC,69,tSH,cSS,GAC
136,tSH_tSS_GAC,17,tSH,tSS,GAC
137,cWW_cSS_GAA,2,cWW,cSS,GAA
138,cWW_tsS_GAA,1,cWW,tsS,GAA
139,tSW_tHW_GAA,14,tSW,tHW,GAA
140,tSW_cSW_GAA,1,tSW,cSW,GAA
141,tSH_cSS_GAA,6,tSH,cSS,GAA
142,tSH_tSS_GAA,3,tSH,tSS,GAA
143,cWW_tHW_CUU,1,cWW,tHW,CUU
144,cWW_cSW_CUA,2,cWW,cSW,CUA
145,cWW_tsS_CUA,1,cWW,tsS,CUA
146,tSW_cSW_CUA,1,tSW,cSW,CUA
147,cWW_cHW_CGU,6,cWW,cHW,CGU
148,cWW_cSW_CGU,1,cWW,cSW,CGU
149,cWW_tSW_CGU,2,cWW,tSW,CGU
150,cWW_cSH_CGU,12,cWW,cSH,CGU
151,cWW_tSH_CGU,1,cWW,tSH,CGU
152,cWW_cSS_CGU,13,cWW,cSS,CGU
153,cWW_cHW_CGG,31,cWW,cHW,CGG
154,cWW_tHW_CGG,25,cWW,tHW,CGG
155,cWW_cHH_CGG,2,cWW,cHH,CGG
156,cWW_cHS_CGG,10,cWW,cHS,CGG
157,cWW_tHS_CGG,10,cWW,tHS,CGG
158,cWW_cSW_CGG,4,cWW,cSW,CGG
159,cWW_cSH_CGG,4,cWW,cSH,CGG
160,cWW_tSH_CGG,1,cWW,tSH,CGG
161,cWW_cSS_CGG,4,cWW,cSS,CGG
162,cWW_tsS_CGG,1,cWW,tsS,CGG
163,tWW_tHS_CGG,1,tWW,tHS,CGG
164,cWW_cHW_CGC,2,cWW,cHW,CGC
165,cWW_tHW_CGC,6,cWW,tHW,CGC
166,cWW_tHH_CGC,7,cWW,tHH,CGC
167,cWW_cSW_CGC,4,cWW,cSW,CGC
168,cWW_tSW_CGC,4,cWW,tSW,CGC
169,cWW_cSS_CGC,10,cWW,cSS,CGC
170,tWW_tSW_CGC,4,tWW,tSW,CGC
171,tWW_cSS_CGC,1,tWW,cSS,CGC
172,cWW_tHW_CGA,2,cWW,tHW,CGA
173,cWW_cHS_CGA,2,cWW,cHS,CGA
174,cWW_cSW_CGA,3,cWW,cSW,CGA
175,cWW_tSW_CGA,50,cWW,tSW,CGA
176,cWW_cSH_CGA,4,cWW,cSH,CGA
177,cWW_tSH_CGA,4,cWW,tSH,CGA
178,cWW_cSS_CGA,124,cWW,cSS,CGA
179,tWW_cSS_CGA,1,tWW,cSS,CGA
180,cSW_tSH_CGA,2,cSW,tSH,CGA
181,tWH_tSW_CGA,1,tWH,tSW,CGA
182,tHW_cSS_CCG,1,tHW,cSS,CCG
183,cSW_cHS_CCC,2,cSW,cHS,CCC
184,cSH_cSS_CCA,1,cSH,cSS,CCA
185,cWW_cHW_CAU,1,cWW,cHW,CAU
186,cSW_cHW_CAU,2,cSW,cHW,CAU
187,cSW_tHW_CAU,3,cSW,tHW,CAU
188,cSW_cHS_CAU,3,cSW,cHS,CAU
189,tWH_cSS_CAU,1,tWH,cSS,CAU
190,tSH_tSS_CAU,1,tSH,tSS,CAU
191,tWW_cHH_CAG,2,tWW,cHH,CAG
192,tWH_tSS_CAG,8,tWH,tSS,CAG
193,tSH_cSS_CAG,1,tSH,cSS,CAG
194,tSH_tSS_CAG,2,tSH,tSS,CAG
195,cWW_tHW_CAC,3,cWW,tHW,CAC
196,cSW_tSH_CAC,1,cSW,tSH,CAC
197,cSW_tSH_CAC,4,cSW,tSH,CAC
198,tWH_tSS_CAC,1,tWH,tSS,CAC
199,cSH_cSS_CAC,1,cSH,cSS,CAC
200,tSH_cSS_CAC,2,tSH,cSS,CAC
201,tSH_tSS_CAC,1,tSH,tSS,CAC
202,cWW_cSH_CAA,1,cWW,cSH,CAA
203,cSW_cHS_CAA,2,cSW,cHS,CAA
204,cWW_cHW_AUU,1,cWW,cHW,AUU
205,cWW_cSW_AUU,1,cWW,cSW,AUU
206,cHW_tHW_AUU,4,cHW,tHW,AUU
207,tHW_cHW_AUU,1,tHW,cHW,AUU
208,tHW_cSH_AUU,1,tHW,cSH,AUU
209,cWW_tHW_AUG,1,cWW,tHW,AUG
210,cWW_cHS_AUG,1,cWW,cHS,AUG
211,cWW_tHS_AUG,6,cWW,tHS,AUG
212,cWW_cSW_AUG,1,cWW,cSW,AUG
213,cWW_cSS_AUG,23,cWW,cSS,AUG
214,cHW_cHS_AUG,2,cHW,cHS,AUG
215,tHW_cHS_AUG,48,tHW,cHS,AUG
216,tHW_cSS_AUG,3,tHW,cSS,AUG
217,cWW_cSW_AUC,8,cWW,cSW,AUC
218,cWW_cSH_AUC,9,cWW,cSH,AUC
219,cWW_cSS_AUC,1,cWW,cSS,AUC
220,tHW_cSW_AUC,1,tHW,cSW,AUC
221,tSW_cSS_AUC,4,tSW,cSS,AUC
222,cWW_tHH_AUA,1,cWW,tHH,AUA
223,cWW_tHS_AUA,6,cWW,tHS,AUA
224,cWW_cSW_AUA,12,cWW,cSW,AUA
225,cWW_tSW_AUA,1,cWW,tSW,AUA
226,cWW_cSH_AUA,3,cWW,cSH,AUA
227,cWW_tSH_AUA,1,cWW,tSH,AUA
228,cWW_cSS_AUA,24,cWW,cSS,AUA
229,tWW_tSS_AUA,1,tWW,tSS,AUA
230,tWW_cSW_AUA,1,tWW,cSW,AUA
231,tWW_cSS_AUA,5,tWW,cSS,AUA
232,cHW_tHS_AUA,3,cHW,tHS,AUA
233,cHW_cSW_AUA,1,cHW,cSW,AUA
234,tHW_cSW_AUA,1,tHW,cSW,AUA
235,tHW_tSW_AUA,1,tHW,tSW,AUA
236,tHW_cSS_AUA,32,tHW,cSS,AUA
237,cWW_cHW_AGG,4,cWW,cHW,AGG
238,cWW_tSH_AGG,2,cWW,tSH,AGG
239,cWW_tsS_AGG,1,cWW,tsS,AGG
240,tHH_tSS_AGG,1,tHH,tSS,AGG
241,cWW_tSW_AGA,2,cWW,tSW,AGA
242,cWW_cSS_AGA,1,cWW,cSS,AGA
243,cWW_tsS_AGA,1,cWW,tsS,AGA
244,cSW_tSH_AGA,1,cSW,tSH,AGA
245,cSH_tSH_AGA,1,cSH,tSH,AGA
246,cSH_tSS_AGA,3,cSH,tSS,AGA
247,tHW_tSW ACU,2,tHW,tSW ACU,
248,tHW_tHW_ACC,6,tHW,tHW,ACC
249,tHW_tSW_ACC,4,tHW,tSW,ACC
250,tHW_cSH_ACC,8,tHW,cSH,ACC
251,tHW_cSS_ACA,2,tHW,cSS,ACA
252,tWW_tHW_AAU,20,tWW,tHW,AAU
253,tWW_tHS_AAU,1,tWW,tHS,AAU
254,tWW_cSS_AAU,7,tWW,cSS,AAU
255,tHW_cSS_AAU,7,tHW,cSS,AAU
256,cSW_cHW_AAU,3,cSW,cHW,AAU
257,cSW_tHW_AAU,23,cSW,tHW,AAU
258,tWH_tSS_AAU,1,tWH,tSS,AAU
259,tHH_cSW_AAU,3,tHH,cSW,AAU
260,tHH_cSS_AAU,2,tHH,cSS,AAU
261,tWW_tHS_AAG,19,tWW,tHS,AAG
262,tWW_cSS_AAG,7,tWW,cSS,AAG
263,tHW_cSS_AAG,3,tHW,cSS,AAG
264,tWH_cSS_AAG,1,tWH,cSS,AAG
265,tWH_tSS_AAG,6,tWH,tSS,AAG
266,tHH_cSS_AAG,5,tHH,cSS,AAG
267,tHH_tSS_AAG,11,tHH,tSS,AAG
268,tSH_cSS_AAG,1,tSH,cSS,AAG
269,tSH_tSS_AAG,5,tSH,tSS,AAG
270,tWW_tHW_AAC,2,tWW,tHW,AAC
271,tWW_cSW_AAC,1,tWW,cSW,AAC
272,tWW_cSS_AAC,9,tWW,cSS,AAC
273,tHW_cSS_AAC,3,tHW,cSS,AAC
274,cSW_cSS_AAC,2,cSW,cSS,AAC
275,tWH_cSH_AAC,1,tWH,cSH,AAC
276,tWH_cSS_AAC,7,tWH,cSS,AAC
277,tWH_tSS_AAC,1,tWH,tSS,AAC
278,tHH_cSS_AAC,11,tHH,cSS,AAC
279,tHH_tSS_AAC,3,tHH,tSS,AAC
280,tSH_cSS_AAC,5,tSH,cSS,AAC
281,tWW_tHH_AAA,1,tWW,tHH,AAA
282,tWW_cHS_AAA,1,tWW,cHS,AAA
283,tWW_tSH_AAA,1,tWW,tSH,AAA
284,tWW_cSS_AAA,1,tWW,cSS,AAA
285,tHW_tHW_AAA,2,tHW,tHW,AAA
286,tHW_tSH_AAA,1,tHW,tSH,AAA
287,cSW_tSH_AAA,3,cSW,tSH,AAA
288,tWH_cSS_AAA,1,tWH,cSS,AAA
289,tWH_cSS_AAA,2,tWH,cSS,AAA
290,tHH_tSH_AAA,1,tHH,tSH,AAA
291,tHH_cSS_AAA,1,tHH,cSS,AAA
